{"AL":0.0001803282,"AK":0.0004396893,"AZ":0.0001472557,"AR":0.0002236636,"CA":0.0001014696,"CO":0.0001331420,"CT":0.0001613535,"DE":0.0002954210,"DC":0.0000497834,"FL":0.0001195985,"GA":0.0000997767,"HI":0.0002416772,"ID":0.0003927730,"IL":0.0001213747,"IN":0.0001341169,"IA":0.0002028946,"KS":0.0002164658,"KY":0.0001769794,"LA":0.0001363048,"ME":0.0002920774,"MT":0.0017265193,"NE":0.0006192996,"NV":0.0004264279,"NH":0.0012224939,"NJ":0.0001157921,"NM":0.0011029006,"NY":0.0000087093,"NC":0.0000529762,"ND":0.0009658725,"OH":0.0000288786,"OK":0.0003301342,"OR":0.0000917650,"MD":0.0003997905,"MA":0.0001387655,"MI":0.0000266859,"MN":0.0002783964,"MS":0.0002423235,"MO":0.0000954120,"PA":0.0001300805,"RI":0.0005142710,"SC":0.0002357873,"SD":0.0007338552,"TN":0.0001279144,"TX":0.0001139464,"UT":0.0002217459,"VT":0.0004385965,"VA":0.0001393698,"WA":0.0001439816,"WV":0.0004252062,"WI":0.0001790606,"WY":0.0004775549}